Time (s),Setpoint,PID Output,GA-Tuned PID Output,Neuro-Fuzzy Output
0.0,1.0,0.0,0.0,0.0
0.002002002002002002,1.0,0.03917160225802529,0.9545230981419124,4.07287341546585e-05
0.004004004004004004,1.0,0.07665841114641422,0.9917036611107808,0.0001616200461578
0.006006006006006006,1.0,0.11253588627039901,0.993142830189861,0.0003607614725267
0.008008008008008008,1.0,0.14687606514858215,0.9931894846206046,0.0006362797433893
0.01001001001001001,1.0,0.1797477189315137,0.9931819228764548,0.0009863400006363
0.012012012012012012,1.0,0.2112165010282146,0.993172287593366,0.0014091450315872
0.014014014014014014,1.0,0.24134508896371984,0.9931626102974557,0.0019029345178618
0.016016016016016016,1.0,0.2701933197759954,0.9931529700894276,0.0024659842991579
0.018018018018018018,1.0,0.297818319246537,0.993143369999719,0.0030966056516374
0.02002002002002002,1.0,0.32427462524554906,0.9931338100949118,0.003793144580633
0.022022022022022022,1.0,0.34961430545980804,0.9931242903261005,0.0045539811273911
0.024024024024024024,1.0,0.3738870697590975,0.9931148106398694,0.0053775286895718
0.026026026026026026,1.0,0.3971403774454468,0.9931053709826174,0.0062622333552351
0.028028028028028028,1.0,0.41941953961827927,0.993095971300726,0.0072065732500438
0.03003003003003003,1.0,0.4407678168779538,0.9930866115405665,0.0082090578974237
0.03203203203203203,1.0,0.4612265125800511,0.9930772916485006,0.0092682275914213
0.03403403403403403,1.0,0.4808350618430802,0.9930680115708793,0.0103826527820098
0.036036036036036036,1.0,0.4996311165030476,0.9930587712540452,0.0115509334725957
0.03803803803803804,1.0,0.5176506261995194,0.9930495706443311,0.0127716986294834
0.04004004004004004,1.0,0.5349279157693969,0.9930404096880604,0.0140436056030623
0.04204204204204204,1.0,0.5514957591165945,0.9930312883315479,0.0153653395604829
0.044044044044044044,1.0,0.5673854497181521,0.9930222065210993,0.0167356129295939
0.04604604604604605,1.0,0.5826268679199933,0.9930131642030119,0.0181531648539189
0.04804804804804805,1.0,0.5972485451685723,0.9930041613235743,0.0196167606584516
0.050050050050050046,1.0,0.611277725317977,0.9929951978290665,0.0211251913260561
0.05205205205205205,1.0,0.6247404231457075,0.9929862736657616,0.0226772729842628
0.05405405405405406,1.0,0.6376614802042774,0.9929773887799235,0.024271846402252
0.056056056056056056,1.0,0.6500646181299896,0.992968543117809,0.0259077764978253
0.058058058058058054,1.0,0.6619724895247161,0.9929597366256669,0.0275839518541649
0.06006006006006006,1.0,0.6734067265212288,0.9929509692497396,0.0292992842461882
0.062062062062062065,1.0,0.6843879871375972,0.9929422409362606,0.0310527081763072
0.06406406406406406,1.0,0.6949359995213575,0.992933551631458,0.032843180419405
0.06606606606606606,1.0,0.705069604179574,0.9929249012815521,0.0346696795768488
0.06806806806806806,1.0,0.7148067942865315,0.9929162898327567,0.0365312056393583
0.07007007007007007,1.0,0.7241647541566205,0.9929077172312795,0.0384267795585556
0.07207207207207207,1.0,0.7331598959659881,0.9928991834233213,0.0403554428270227
0.07407407407407407,1.0,0.7418078948027179,0.9928906883550765,0.0423162570666999
0.07607607607607608,1.0,0.7501237221216706,0.992882231972735,0.0443083036254581
0.07807807807807808,1.0,0.7581216776766496,0.9928738142224787,0.0463306831816839
0.08008008008008008,1.0,0.7658154199992442,0.9928654350504855,0.0483825153567182
0.08208208208208208,1.0,0.7732179954905413,0.9928570944029276,0.0504629383349931
0.08408408408408408,1.0,0.7803418661888879,0.9928487922259711,0.0525711084917136
0.08608608608608609,1.0,0.787198936274002,0.9928405284657776,0.0547062000279357
0.08808808808808809,1.0,0.7938005773649844,0.9928323030685039,0.0568674046128929
0.09009009009009009,1.0,0.8001576526671661,0.9928241159803013,0.059053931033429
0.0920920920920921,1.0,0.8062805400202149,0.9928159671473172,0.0612650048503945
0.0940940940940941,1.0,0.8121791538975468,0.9928078565156943,0.0634998680618703
0.0960960960960961,1.0,0.8178629664048018,0.992799784031571,0.0657577787730819
0.0980980980980981,1.0,0.8233410273229664,0.9927917496410813,0.0680380108728721
0.10010010010010009,1.0,0.8286219832396566,0.9927837532903558,0.0703398537166028
0.1021021021021021,1.0,0.8337140958100845,0.9927757949255211,0.0726626118153568
0.1041041041041041,1.0,0.8386252591873443,0.9927678744927003,0.0750056045313163
0.1061061061061061,1.0,0.8433630166598477,0.9927599919380128,0.0773681657791949
0.10810810810810811,1.0,0.8479345765320158,0.992752147207575,0.0797496437336027
0.11011011011011011,1.0,0.8523468272826868,0.9927443402475001,0.0821494005422279
0.11211211211211211,1.0,0.8566063520341335,0.9927365710038983,0.0845668120447187
0.11411411411411411,1.0,0.8607194423630821,0.9927288394228777,0.0870012674971529
0.11611611611611611,1.0,0.8646921114836973,0.9927211454505425,0.0894521693019837
0.11811811811811812,1.0,0.8685301068311307,0.9927134890329955,0.0919189327433547
0.12012012012012012,1.0,0.8722389220729296,0.9927058701163374,0.0944009857276759
0.12212212212212212,1.0,0.8758238085743567,0.9926982886466659,0.096897768529357
0.12412412412412413,1.0,0.8792897863424883,0.9926907445700776,0.0994087335415964
0.12612612612612611,1.0,0.8826416544728226,0.9926832378326668,0.1019333450321246
0.12812812812812813,1.0,0.8858840011210503,0.9926757683805268,0.1044710789038047
0.13013013013013014,1.0,0.8890212130216077,0.9926683361597487,0.1070214224599924
0.13213213213213212,1.0,0.8920574845736474,0.9926609411164229,0.1095838741745631
0.13413413413413414,1.0,0.894996826514122,0.9926535831966385,0.1121579434665117
0.13613613613613612,1.0,0.8978430741967782,0.9926462623464839,0.1147431504790348
0.13813813813813813,1.0,0.9005998954950047,0.9926389785120462,0.1173390258630075
0.14014014014014015,1.0,0.9032707983456563,0.9926317316394128,0.1199451105647667
0.14214214214214213,1.0,0.9058591379502017,0.9926245216746696,0.1225609556181152
0.14414414414414414,1.0,0.908368123648792,0.9926173485639029,0.1251861219404638
0.14614614614614616,1.0,0.9108008254821423,0.9926102122531987,0.1278201801330291
0.14814814814814814,1.0,0.9131601804554341,0.992603112688643,0.1304627102850055
0.15015015015015015,1.0,0.9154489985178078,0.9925960498163219,0.1331133017816348
0.15215215215215216,1.0,0.9176699682703867,0.9925890235823223,0.1357715531160937
0.15415415415415415,1.0,0.9198256624151901,0.992582033932731,0.1384370717051249
0.15615615615615616,1.0,0.9219185429567324,0.992575080813636,0.1411094737083372
0.15815815815815815,1.0,0.9239509661675593,0.9925681641711258,0.1437883838511021
0.16016016016016016,1.0,0.9259251873284706,0.9925612839512906,0.1464734352509748
0.16216216216216217,1.0,0.9278433652536802,0.9925544401002204,0.1491642692475707
0.16416416416416416,1.0,0.9297075666107015,0.9925476325640081,0.151860535235828
0.16616616616616617,1.0,0.9315197700443016,0.9925408612887466,0.1545618905025897
0.16816816816816815,1.0,0.9332818701134387,0.9925341262205318,0.1572680000664396
0.17017017017017017,1.0,0.9349956810496924,0.9925274273054605,0.1599785365207263
0.17217217217217218,1.0,0.9366629403453137,0.9925207644896318,0.1626931798797133
0.17417417417417416,1.0,0.9382853121786391,0.992514137719147,0.1654116174277935
0.17617617617617617,1.0,0.9398643906842779,0.9925075469401091,0.1681335435717053
0.1781781781781782,1.0,0.9414017030751279,0.9925009920986242,0.1708586596956932
0.18018018018018017,1.0,0.942898712622964,0.9924944731408009,0.1735866740195526
0.18218218218218218,1.0,0.9443568215040324,0.99248799001275,0.1763173014595029
0.1841841841841842,1.0,0.9457773735157917,0.992481542660586,0.1790502634918318
0.18618618618618618,1.0,0.9471616566706619,0.9924751310304254,0.1817852880192566
0.1881881881881882,1.0,0.9485109056723752,0.9924687550683893,0.1845221092399482
0.19019019019019018,1.0,0.9498263042802705,0.9924624147206009,0.1872604675191645
0.1921921921921922,1.0,0.9511089875666225,0.9924561099331877,0.1900001092634433
0.1941941941941942,1.0,0.9523600440718778,0.9924498406522803,0.1927407867973009
0.1961961961961962,1.0,0.9535805178624321,0.9924436068240137,0.1954822582423899
0.1981981981981982,1.0,0.9547714104953866,0.9924374083945263,0.198224287399065
0.20020020020020018,1.0,0.9559336828945103,0.9924312453099612,0.2009666436303102
0.2022022022022022,1.0,0.9570682571414453,0.9924251175164653,0.2037091017479804
0.2042042042042042,1.0,0.9581760181860076,0.9924190249601903,0.2064514419013111
0.2062062062062062,1.0,0.9592578154792641,0.9924129675872922,0.2091934494676517
0.2082082082082082,1.0,0.9603144645328922,0.992406945343932,0.211934914945378
0.21021021021021022,1.0,0.9613467484081752,0.9924009581762755,0.2146756338489403
0.2122122122122122,1.0,0.9623554191378306,0.9923950060304935,0.217415406606006
0.21421421421421422,1.0,0.9633411990837222,0.992389088852762,0.2201540384566534
0.21621621621621623,1.0,0.9643047822333728,0.9923832065892623,0.2228913393545774
0.2182182182182182,1.0,0.9652468354380537,0.9923773591861813,0.2256271238702662
0.22022022022022023,1.0,0.9661679995951088,0.9923715465897116,0.2283612110961106
0.2222222222222222,1.0,0.9670688907770445,0.9923657687460514,0.2310934245534078
0.22422422422422422,1.0,0.967950101309805,0.992360025601405,0.2338235921012201
0.22622622622622623,1.0,0.9688122008025374,0.9923543171019829,0.236551545847055
0.22822822822822822,1.0,0.9696557371310554,0.9923486431940014,0.2392771220593273
0.23023023023023023,1.0,0.970481237377097,0.9923430038236837,0.24200016108157
0.23223223223223222,1.0,0.9712892087253896,0.9923373989372593,0.244720507248358
0.23423423423423423,1.0,0.9720801393204328,0.9923318284809644,0.2474380088029123
0.23623623623623624,1.0,0.9728544990848308,0.9923262924010421,0.2501525178163484
0.23823823823823823,1.0,0.9736127405009166,0.9923207906437422,0.2528638901085399
0.24024024024024024,1.0,0.9743552993573374,0.9923153231553222,0.2555719851705618
0.24224224224224225,1.0,0.9750825954621867,0.9923098898820463,0.2582766660886855
0.24424424424424424,1.0,0.975795033324202,0.9923044907701865,0.260977799469891
0.24624624624624625,1.0,0.9764930028034812,0.9922991257660225,0.2636752553688696
0.24824824824824826,1.0,0.9771768797330911,0.9922937948158408,0.2663689072164856
0.2502502502502503,1.0,0.9778470265128965,0.9922884978659368,0.2690586317496682
0.25225225225225223,1.0,0.9785037926768634,0.9922832348626135,0.271744308942706
0.25425425425425424,1.0,0.9791475154350422,0.9922780057521821,0.2744258219399151
0.25625625625625625,1.0,0.979778520191376,0.9922728104809619,0.2771030569896549
0.25825825825825827,1.0,0.9803971210384317,0.9922676489952809,0.2797759033796637
0.2602602602602603,1.0,0.9810036212300962,0.9922625212414755,0.2824442533736881
0.26226226226226224,1.0,0.9815983136332395,0.992257427165891,0.2851080021493816
0.26426426426426425,1.0,0.9821814811592939,0.9922523667148814,0.2877670477374449
0.26626626626626626,1.0,0.9827533971766607,0.9922473398348096,0.2904212909619862
0.2682682682682683,1.0,0.9833143259048104,0.9922423464720481,0.2930706353820747
0.2702702702702703,1.0,0.9838645227909073,0.9922373865729782,0.295714987234465
0.27227227227227224,1.0,0.9844042348697466,0.9922324600839911,0.2983542553774691
0.27427427427427425,1.0,0.9849337011077597,0.992227566951487,0.300988351235952
0.27627627627627627,1.0,0.9854531527318098,0.9922227071218763,0.3036171887474307
0.2782782782782783,1.0,0.9859628135434624,0.9922178805415791,0.3062406843092525
0.2802802802802803,1.0,0.9864629002193888,0.9922130871570254,0.3088587567268325
0.2822822822822823,1.0,0.9869536225985307,0.9922083269146555,0.3114713271629292
0.28428428428428426,1.0,0.9874351839566193,0.99220359976092,0.3140783190879365
0.2862862862862863,1.0,0.9879077812686266,0.9921989056422799,0.3166796582311738
0.2882882882882883,1.0,0.9883716054596856,0.9921942445052062,0.3192752725331522
0.2902902902902903,1.0,0.9888268416450087,0.9921896162961816,0.3218650920987991
0.2922922922922923,1.0,0.9892736693592914,0.9921850209616987,0.3244490491516214
0.29429429429429427,1.0,0.9897122627760837,0.9921804584482619,0.3270270779887885
0.2962962962962963,1.0,0.990142790917576,0.9921759287023861,0.3295991149371179
0.2982982982982983,1.0,0.9905654178552334,0.9921714316705976,0.3321650983099439
0.3003003003003003,1.0,0.990980302901691,0.9921669672994343,0.3347249683648529
0.3023023023023023,1.0,0.991387600794303,0.9921625355354453,0.3372786672622676
0.30430430430430433,1.0,0.9917874618707206,0.9921581363251913,0.3398261390248643
0.3063063063063063,1.0,0.9921800322368601,0.9921537696152453,0.3423673294978048
0.3083083083083083,1.0,0.9925654539275994,0.992149435352192,0.3449021863097685
0.3103103103103103,1.0,0.9929438650605329,0.9921451334826279,0.3474306588347677
0.3123123123123123,1.0,0.9933153999830955,0.9921408639531617,0.3499526981547315
0.31431431431431434,1.0,0.9936801894133532,0.9921366267104151,0.3524682570228418
0.3163163163163163,1.0,0.9940383605747456,0.9921324217010217,0.3549772898276076
0.3183183183183183,1.0,0.9943900373250499,0.9921282488716274,0.3574797525576622
0.3203203203203203,1.0,0.994735340279828,0.992124108168892,0.3599756027672693
0.32232232232232233,1.0,0.9950743869306,0.9921199995394865,0.3624647995425237
0.32432432432432434,1.0,0.9954072917579855,0.9921159229300966,0.3649473034682328
0.3263263263263263,1.0,0.9957341663400336,0.99211187828742,0.3674230765954654
0.3283283283283283,1.0,0.9960551194559575,0.9921078655581682,0.3698920824097554
0.3303303303303303,1.0,0.9963702571854822,0.992103884689066,0.372354285799945
0.33233233233233234,1.0,0.9966796830039967,0.9920999356268512,0.3748096530276573
0.33433433433433435,1.0,0.9969834978737013,0.9920960183182761,0.3772581516973848
0.3363363363363363,1.0,0.9972818003309282,0.9920921327101068,0.3796997507271809
0.3383383383383383,1.0,0.9975746865698036,0.9920882787491225,0.382134420319943
0.34034034034034033,1.0,0.9978622505224183,0.9920844563821172,0.3845621319352763
0.34234234234234234,1.0,0.9981445839356574,0.9920806655558987,0.3869828582619243
0.34434434434434436,1.0,0.9984217764448428,0.9920769062172893,0.389396573190758
0.34634634634634637,1.0,0.9986939156443247,0.9920731783131259,0.3918032517883093
0.3483483483483483,1.0,0.9989610871551633,0.9920694817902594,0.3942028702708411
0.35035035035035034,1.0,0.9992233746900239,0.9920658165955561,0.3965954059789405
0.35235235235235235,1.0,0.9994808601154137,0.9920621826758972,0.3989808373526264
0.35435435435435436,1.0,0.999733623511375,0.992058579978178,0.4013591439069609
0.3563563563563564,1.0,0.9999817432287493,0.9920550084493095,0.4037303062081544
0.35835835835835833,1.0,1.0002252959441176,0.9920514680362181,0.4060943058501543
0.36036036036036034,1.0,1.00046435671252,0.9920479586858453,0.4084511254317083
0.36236236236236236,1.0,1.0006989990180555,0.9920444803451479,0.4108007485338923
0.36436436436436437,1.0,1.0009292948224497,0.9920410329610987,0.4131431596980939
0.3663663663663664,1.0,1.0011553146116847,0.992037616480686,0.4154783444044422
0.3683683683683684,1.0,1.0013771274407737,0.9920342308509138,0.4178062890506758
0.37037037037037035,1.0,1.0015948009767632,0.9920308760188028,0.4201269809314389
0.37237237237237236,1.0,1.0018084015400386,0.9920275519313888,0.4224404082179984
0.3743743743743744,1.0,1.0020179941440097,0.9920242585357247,0.4247465599383722
0.3763763763763764,1.0,1.0022236425332454,0.9920209957788794,0.4270454259578622
0.3783783783783784,1.0,1.0024254092201244,0.9920177636079383,0.4293369969599825
0.38038038038038036,1.0,1.0026233555200692,0.9920145619700032,0.4316212644277755
0.38238238238238237,1.0,1.0028175415854246,0.9920113908121932,0.4338982206255081
0.3843843843843844,1.0,1.0030080264380334,0.9920082500816441,0.4361678585807406
0.3863863863863864,1.0,1.0031948680005789,0.992005139725508,0.4384301720667605
0.3883883883883884,1.0,1.0033781231267311,0.992002059690955,0.4406851555853743
0.39039039039039036,1.0,1.003557847630165,0.9919990099251721,0.4429328043500505
0.3923923923923924,1.0,1.0037340963124826,0.9919959903753637,0.4451731142694051
0.3943943943943944,1.0,1.003906922990104,0.9919930009887513,0.447406081931025
0.3963963963963964,1.0,1.0040763805201547,0.9919900417125749,0.4496317045856218
0.3983983983983984,1.0,1.004242520825404,0.9919871124940911,0.451849980131508
0.40040040040040037,1.0,1.004405394918291,0.9919842132805755,0.4540609070993914
0.4024024024024024,1.0,1.0045650529240748,0.9919813440193207,0.4562644846374801
0.4044044044044044,1.0,1.0047215441031523,0.9919785046576376,0.4584607124968912
0.4064064064064064,1.0,1.004874916872571,0.9919756951428562,0.4606495910173601
0.4084084084084084,1.0,1.0050252188267796,0.9919729154223235,0.46283112111324
0.41041041041041043,1.0,1.0051724967576412,0.9919701654434059,0.4650053042597897
0.4124124124124124,1.0,1.005316796673745,0.9919674451534879,0.4671721424797419
0.4144144144144144,1.0,1.0054581638190436,0.9919647544999729,0.4693316383301473
0.4164164164164164,1.0,1.0055966426908456,0.991962093430283,0.4714837948894881
0.4184184184184184,1.0,1.0057322770571893,0.9919594618918597,0.4736286157450562
0.42042042042042044,1.0,1.0058651099736249,0.9919568598321623,0.4757661049805913
0.4224224224224224,1.0,1.0059951837994277,0.991954287198671,0.4778962671641719
0.4244244244244244,1.0,1.0061225402132683,0.9919517439388839,0.4800191073363567
0.4264264264264264,1.0,1.0062472202283599,0.9919492300003192,0.4821346309985688
0.42842842842842843,1.0,1.0063692642071072,0.9919467453305144,0.4842428441017199
0.43043043043043044,1.0,1.006488711875273,0.9919442898770268,0.4863437530350686
0.43243243243243246,1.0,1.0066056023356884,0.9919418635874327,0.4884373646153087
0.4344344344344344,1.0,1.0067199740815187,0.99193946640933,0.4905236860758817
0.4364364364364364,1.0,1.0068318650091077,0.9919370982903344,0.4926027250565117
0.43843843843843844,1.0,1.0069413124304163,0.9919347591780835,0.4946744895929544
0.44044044044044045,1.0,1.00704835308507,0.991932449020234,0.4967389881069599
0.44244244244244246,1.0,1.0071530231520343,0.9919301677644637,0.498796229396442
0.4444444444444444,1.0,1.0072553582609296,0.9919279153584705,0.5008462226258514
0.44644644644644643,1.0,1.007355393503003,0.9919256917499724,0.5028889773167483
0.44844844844844844,1.0,1.0074531634417678,0.991923496886709,0.5049245033385708
0.45045045045045046,1.0,1.007548702123325,0.9919213307164401,0.5069528108995942
0.45245245245245247,1.0,1.0076420430863826,0.9919191931869467,0.5089739105380788
0.4544544544544544,1.0,1.0077332193719784,0.9919170842460305,0.510987813113601
0.45645645645645644,1.0,1.0078222635329201,0.9919150038415147,0.5129945297985651
0.45845845845845845,1.0,1.0079092076429599,0.9919129519212433,0.5149940720698916
0.46046046046046046,1.0,1.007994083305702,0.9919109284330824,0.5169864517008789
0.4624624624624625,1.0,1.0080769216632655,0.9919089333249186,0.5189716807532344
0.46446446446446443,1.0,1.0081577534047024,0.9919069665446607,0.5209497715692721
0.46646646646646645,1.0,1.008236608774186,0.9919050280402394,0.5229207367642732
0.46846846846846846,1.0,1.0083135175789768,0.9919031177596068,0.5248845892190058
0.47047047047047047,1.0,1.0083885091971718,0.9919012356507368,0.5268413420724021
0.4724724724724725,1.0,1.0084616125852504,0.991899381661626,0.5287910087143883
0.4744744744744745,1.0,1.0085328562854183,0.9918975557402921,0.5307336027788652
0.47647647647647645,1.0,1.008602268432764,0.9918957578347763,0.5326691381368353
0.47847847847847846,1.0,1.008669876762226,0.991893987893141,0.5345976288896752
0.4804804804804805,1.0,1.008735708615388,0.991892245863472,0.536519089362549
0.4824824824824825,1.0,1.0087997909470978,0.9918905316938773,0.5384335340979602
0.4844844844844845,1.0,1.0088621503319253,0.9918888453324871,0.54034097784944
0.48648648648648646,1.0,1.0089228129704577,0.9918871867274555,0.5422414355753674
0.48848848848848847,1.0,1.0089818046954462,0.9918855558269584,0.5441349224329214
0.4904904904904905,1.0,1.0090391509777996,0.9918839525791954,0.54602145377216
0.4924924924924925,1.0,1.0090948769324384,0.9918823769323892,0.5479010451302246
0.4944944944944945,1.0,1.0091490073240093,0.9918808288347855,0.5497737122256672
0.4964964964964965,1.0,1.0092015665724694,0.9918793082346533,0.551639470952898
0.4984984984984985,1.0,1.0092525787585382,0.9918778150802853,0.5534983373767506
0.5005005005005005,1.0,1.0093020676290285,0.9918763493199975,0.5553503277271631
0.5025025025025025,1.0,1.009350056602056,0.99187491090213,0.5571954583939719
0.5045045045045045,1.0,1.0093965687721334,0.991873499775046,0.5590337459218169
0.5065065065065065,1.0,1.009441626915153,0.991872115887133,0.5608652070051545
0.5085085085085085,1.0,1.0094852534932595,0.9918707591868027,0.5626898584833786
0.5105105105105106,1.0,1.0095274706596191,0.9918694296224905,0.5645077173360441
0.5125125125125125,1.0,1.0095683002630893,0.9918681271426559,0.5663188006781942
0.5145145145145145,1.0,1.0096077638527845,0.9918668516957833,0.5681231257557872
0.5165165165165165,1.0,1.009645882682554,0.9918656032303808,0.5699207099412211
0.5185185185185185,1.0,1.0096826777153631,0.9918643816949813,0.5717115707289556
0.5205205205205206,1.0,1.0097181696275856,0.9918631870381425,0.573495725731227
0.5225225225225225,1.0,1.0097523788132126,0.9918620192084466,0.5752731926738561
0.5245245245245245,1.0,1.009785325387975,0.9918608781545004,0.5770439893921471
0.5265265265265265,1.0,1.009817029193385,0.9918597638249365,0.5788081338268741
0.5285285285285285,1.0,1.0098475098007005,0.9918586761684113,0.5805656440203555
0.5305305305305306,1.0,1.0098767865148117,0.9918576151336073,0.5823165381126126
0.5325325325325325,1.0,1.0099048783780546,0.9918565806692314,0.584060834337613
0.5345345345345345,1.0,1.009931804173951,0.9918555727240171,0.5857985510195937
0.5365365365365365,1.0,1.00995758243088,0.9918545912467219,0.5875297065694665
0.5385385385385385,1.0,1.0099822314256817,0.9918536361861298,0.5892543194813004
0.5405405405405406,1.0,1.0100057691871938,0.9918527074910496,0.5909724083288813
0.5425425425425425,1.0,1.0100282134997247,0.9918518051103167,0.5926839917623477
0.5445445445445445,1.0,1.010049581906465,0.9918509289927921,0.5943890885048985
0.5465465465465466,1.0,1.010069891712838,0.9918500790873626,0.5960877173495753
0.5485485485485485,1.0,1.0100891599897883,0.9918492553429408,0.5977798971561142
0.5505505505505506,1.0,1.0101074035770194,0.991848457708466,0.599465646847867
0.5525525525525525,1.0,1.0101246390861696,0.9918476861329031,0.601144985408791
0.5545545545545546,1.0,1.0101408829039347,0.9918469405652437,0.6028179318805057
0.5565565565565566,1.0,1.0101561511951405,0.9918462209545063,0.6044845053594138
0.5585585585585585,1.0,1.0101704599057602,0.9918455272497348,0.6061447249938867
0.5605605605605606,1.0,1.010183824765885,0.9918448594000009,0.607798609981513
0.5625625625625625,1.0,1.0101962612926405,0.991844217354402,0.6094461795664082
0.5645645645645646,1.0,1.0102077847930615,0.9918436010620633,0.6110874530365844
0.5665665665665666,1.0,1.0102184103669152,0.9918430104721362,0.6127224497213787
0.5685685685685685,1.0,1.0102281529094816,0.9918424455337994,0.6143511889889403
0.5705705705705706,1.0,1.0102370271142884,0.9918419061962587,0.6159736902437734
0.5725725725725725,1.0,1.0102450474758018,0.9918413924087472,0.6175899729243357
0.5745745745745746,1.0,1.0102522282920767,0.9918409041205253,0.6192000565006913
0.5765765765765766,1.0,1.0102585836673645,0.9918404412808806,0.6208039604722168
0.5785785785785785,1.0,1.0102641275146813,0.9918400038391285,0.6224017043653594
0.5805805805805806,1.0,1.0102688735583336,0.9918395917446116,0.6239933077314462
0.5825825825825826,1.0,1.0102728353364094,0.9918392049467007,0.625578790144544
0.5845845845845846,1.0,1.0102760262032295,0.9918388433947943,0.6271581711993666
0.5865865865865866,1.0,1.010278459331762,0.9918385070383181,0.6287314705092321
0.5885885885885885,1.0,1.0102801477159997,0.9918381958267267,0.6302987077040656
0.5905905905905906,1.0,1.0102811041733046,0.9918379097095023,0.6318599024284492
0.5925925925925926,1.0,1.0102813413467144,0.9918376486361553,0.6334150743397162
0.5945945945945946,1.0,1.0102808717072196,0.9918374125562244,0.6349642431060901
0.5965965965965966,1.0,1.0102797075560008,0.991837201419277,0.6365074284048664
0.5985985985985985,1.0,1.0102778610266414,0.9918370151749081,0.6380446499206377
0.6006006006006006,1.0,1.010275344087302,0.9918368537727423,0.6395759273435594
0.6026026026026026,1.0,1.010272168542866,0.991836717162432,0.6411012803676563
0.6046046046046046,1.0,1.010268346037055,0.9918366052936586,0.6426207286891705
0.6066066066066066,1.0,1.0102638880545138,0.9918365181161326,0.6441342920049458
0.6086086086086087,1.0,1.0102588059228654,0.9918364555795928,0.6456419900108524
0.6106106106106106,1.0,1.010253110814738,0.9918364176338076,0.6471438424002486
0.6126126126126126,1.0,1.0102468137497616,0.9918364042285741,0.6486398688624787
0.6146146146146146,1.0,1.0102399255965413,0.9918364153137189,0.6501300890814075
0.6166166166166166,1.0,1.0102324570745973,0.991836450839098,0.6516145227339896
0.6186186186186187,1.0,1.0102244187562832,0.991836510754596,0.6530931894888734
0.6206206206206206,1.0,1.010215821068675,0.9918365950101276,0.6545661090050391
0.6226226226226226,1.0,1.0102066742954352,0.9918367035556367,0.6560333009304692
0.6246246246246246,1.0,1.0101969885786524,0.9918368363410974,0.6574947849008522
0.6266266266266266,1.0,1.0101867739206543,0.9918369933165128,0.658950580538317
0.6286286286286287,1.0,1.0101760401857969,0.9918371744319162,0.6604007074501997
0.6306306306306306,1.0,1.010164797102231,0.991837379637371,0.6618451852278402
0.6326326326326326,1.0,1.010153054263642,0.9918376088829703,0.6632840334454079
0.6346346346346347,1.0,1.0101408211309701,0.9918378621188372,0.6647172716587584
0.6366366366366366,1.0,1.0101281070341042,0.9918381392951251,0.6661449194043169
0.6386386386386387,1.0,1.0101149211735558,0.9918384403620175,0.6675669961979912
0.6406406406406406,1.0,1.0101012726221095,0.9918387652697289,0.6689835215341108
0.6426426426426426,1.0,1.0100871703264525,0.9918391139685031,0.6703945148843938
0.6446446446446447,1.0,1.010072623108782,0.9918394864086154,0.6717999956969407
0.6466466466466466,1.0,1.0100576396683918,0.9918398825403714,0.6731999833952511
0.6486486486486487,1.0,1.0100422285832389,0.9918403023141071,0.6745944973772697
0.6506506506506506,1.0,1.010026398311488,0.9918407456801894,0.6759835570144542
0.6526526526526526,1.0,1.0100101571930378,0.9918412125890165,0.677367181650868
0.6546546546546547,1.0,1.009993513451027,0.9918417029910171,0.6787453906022969
0.6566566566566566,1.0,1.009976475193319,0.991842216836651,0.6801182031553892
0.6586586586586587,1.0,1.0099590504139713,0.9918427540764088,0.6814856385668181
0.6606606606606606,1.0,1.0099412469946818,0.9918433146608131,0.6828477160624663
0.6626626626626626,1.0,1.0099230727062198,0.9918438985404174,0.684204454836633
0.6646646646646647,1.0,1.0099045352098361,0.9918445056658061,0.6855558740512614
0.6666666666666666,1.0,1.0098856420586584,0.9918451359875958,0.6869019928351878
0.6686686686686687,1.0,1.0098664006990636,0.9918457894564342,0.688242830283411
0.6706706706706707,1.0,1.0098468184720404,0.9918464660230004,0.6895784054563809
0.6726726726726726,1.0,1.0098269026145252,0.9918471656380063,0.6909087373793086
0.6746746746746747,1.0,1.0098066602607303,0.9918478882521942,0.6922338450414932
0.6766766766766766,1.0,1.009786098443448,0.9918486338163386,0.6935537473956697
0.6786786786786787,1.0,1.009765224095343,0.9918494022812467,0.6948684633573738
0.6806806806806807,1.0,1.0097440440502254,0.9918501935977575,0.6961780118043258
0.6826826826826827,1.0,1.0097225650443105,0.9918510077167413,0.6974824115758306
0.6846846846846847,1.0,1.0097007937174598,0.9918518445891013,0.698781681472197
0.6866866866866866,1.0,1.0096787366144087,0.9918527041657732,0.700075840254172
0.6886886886886887,1.0,1.009656400185978,0.9918535863977241,0.7013649066423929
0.6906906906906907,1.0,1.00963379079027,0.9918544912359546,0.7026488993168554
0.6926926926926927,1.0,1.0096109146938494,0.9918554186314974,0.7039278369163964
0.6946946946946947,1.0,1.0095877780729117,0.9918563685354176,0.7052017380381944
0.6966966966966966,1.0,1.0095643870144329,0.9918573408988128,0.7064706212372832
0.6986986986986987,1.0,1.009540747517309,0.9918583356728146,0.7077345050260813
0.7007007007007007,1.0,1.0095168654934792,0.9918593528085855,0.7089934078739359
0.7027027027027027,1.0,1.0094927467690349,0.9918603922573228,0.7102473482066812
0.7047047047047047,1.0,1.0094683970853164,0.9918614539702553,0.7114963444062099
0.7067067067067067,1.0,1.0094438220999944,0.991862537898646,0.7127404148100593
0.7087087087087087,1.0,1.0094190273881392,0.9918636439937902,0.7139795777110101
0.7107107107107107,1.0,1.0093940184432766,0.9918647722070171,0.7152138513566988
0.7127127127127127,1.0,1.0093688006784298,0.9918659224896889,0.7164432539492422
0.7147147147147147,1.0,1.00934337942715,0.9918670947932009,0.7176678036448754
0.7167167167167167,1.0,1.009317759944532,0.9918682890689826,0.7188875185536002
0.7187187187187187,1.0,1.0092919474082196,0.9918695052684965,0.7201024167388486
0.7207207207207207,1.0,1.0092659469193976,0.9918707433432388,0.7213125162171542
0.7227227227227228,1.0,1.0092397635037709,0.9918720032447393,0.7225178349578384
0.7247247247247247,1.0,1.009213402112533,0.9918732849245616,0.7237183908827061
0.7267267267267267,1.0,1.0091868676233209,0.9918745883343038,0.7249142018657523
0.7287287287287287,1.0,1.0091601648411601,0.9918759134255968,0.7261052857328802
0.7307307307307307,1.0,1.0091332984993961,0.9918772601501062,0.7272916602616297
0.7327327327327328,1.0,1.0091062732606164,0.991878628459532,0.7284733431809158
0.7347347347347347,1.0,1.0090790937175584,0.9918800183056071,0.729650352170777
0.7367367367367368,1.0,1.0090517643940102,0.9918814296401003,0.7308227048621339
0.7387387387387387,1.0,1.009024289745696,0.991882862414813,0.7319904188365572
0.7407407407407407,1.0,1.0089966741611538,0.9918843165815822,0.7331535116260459
0.7427427427427428,1.0,1.0089689219626004,0.991885792092279,0.7343120007128132
0.7447447447447447,1.0,1.0089410374067875,0.9918872888988088,0.7354659035290827
0.7467467467467468,1.0,1.0089130246858455,0.9918888069531118,0.7366152374568926
0.7487487487487487,1.0,1.0088848879281187,0.9918903462071627,0.7377600198279092
0.7507507507507507,1.0,1.008856631198988,0.9918919066129711,0.7389002679232483
0.7527527527527528,1.0,1.0088282585016866,0.9918934881225817,0.7400359989733051
0.7547547547547547,1.0,1.0087997737781031,0.9918950906880732,0.7411672301575923
0.7567567567567568,1.0,1.0087711809095756,0.9918967142615602,0.7422939786045857
0.7587587587587588,1.0,1.0087424837176762,0.9918983587951918,0.7434162613915771
0.7607607607607607,1.0,1.0087136859649866,0.9919000242411524,0.7445340955445371
0.7627627627627628,1.0,1.0086847913558625,0.9919017105516614,0.745647498037981
0.7647647647647647,1.0,1.0086558035371904,0.9919034176789738,0.7467564857948467
0.7667667667667668,1.0,1.0086267260991335,0.9919051455753793,0.7478610756863758
0.7687687687687688,1.0,1.00859756257587,0.9919068941932038,0.7489612845320042
0.7707707707707707,1.0,1.0085683164463215,0.9919086634848079,0.7500571290992573
0.7727727727727728,1.0,1.0085389911348728,0.991910453402588,0.7511486261036535
0.7747747747747747,1.0,1.008509590012082,0.9919122638989764,0.7522357922086138
0.7767767767767768,1.0,1.0084801163953838,0.9919140949264406,0.7533186440253764
0.7787787787787788,1.0,1.0084505735497824,0.991915946437484,0.7543971981129189
0.7807807807807807,1.0,1.008420964688537,0.991917818384646,0.7554714709778861
0.7827827827827828,1.0,1.0083912929738374,0.9919197107205017,0.7565414790745236
0.7847847847847848,1.0,1.008361561517474,0.991921623397662,0.7576072388046167
0.7867867867867868,1.0,1.0083317733814967,0.991923556368774,0.7586687665174354
0.7887887887887888,1.0,1.008301931578868,0.9919255095865211,0.7597260785096849
0.7907907907907907,1.0,1.0082720390741065,0.9919274830036223,0.7607791910254617
0.7927927927927928,1.0,1.0082420987839236,0.9919294765728333,0.7618281202562137
0.7947947947947948,1.0,1.0082121135778517,0.9919314902469456,0.7628728823407067
0.7967967967967968,1.0,1.0081820862788655,0.9919335239787878,0.7639134933649954
0.7987987987987988,1.0,1.008152019663994,0.9919355777212238,0.7649499693623991
0.8008008008008007,1.0,1.0081219164649278,0.9919376514271552,0.765982326313483
0.8028028028028028,1.0,1.0080917793686162,0.9919397450495193,0.7670105801460421
0.8048048048048048,1.0,1.0080616110178584,0.9919418585412905,0.7680347467350925
0.8068068068068068,1.0,1.0080314140118873,0.9919439918554799,0.7690548419028647
0.8088088088088088,1.0,1.008001190906946,0.9919461449451343,0.7700708814188026
0.8108108108108109,1.0,1.0079709442168567,0.9919483177633388,0.771082880999566
0.8128128128128128,1.0,1.0079406764135845,0.9919505102632147,0.772090856309038
0.8148148148148148,1.0,1.0079103899277917,0.9919527223979201,0.773094822958335
0.8168168168168168,1.0,1.0078800871493867,0.9919549541206503,0.7740947965058224
0.8188188188188188,1.0,1.007849770428067,0.9919572053846374,0.7750907924571329
0.8208208208208209,1.0,1.0078194420738529,0.9919594761431516,0.7760828262651891
0.8228228228228228,1.0,1.0077891043576184,0.9919617663494988,0.7770709133302294
0.8248248248248248,1.0,1.0077587595116109,0.9919640759570232,0.7780550689998373
0.8268268268268268,1.0,1.0077284097299697,0.9919664049191064,0.7790353085689755
0.8288288288288288,1.0,1.0076980571692336,0.9919687531891663,0.780011647280021
0.8308308308308309,1.0,1.0076677039488453,0.9919711207206601,0.780984100322806
0.8328328328328328,1.0,1.0076373521516473,0.9919735074670805,0.7819526828346604
0.8348348348348348,1.0,1.0076070038243743,0.9919759133819592,0.782917409900458
0.8368368368368369,1.0,1.007576660978137,0.991978338418865,0.7838782965526658
0.8388388388388388,1.0,1.0075463255889017,0.9919807825314042,0.784835357771396
0.8408408408408409,1.0,1.0075159995979626,0.9919832456732213,0.7857886084844612
0.8428428428428428,1.0,1.0074856849124099,0.9919857277979985,0.7867380635674327
0.8448448448448448,1.0,1.0074553834055908,0.9919882288594559,0.7876837378437003
0.8468468468468469,1.0,1.0074250969175649,0.9919907488113515,0.7886256460845369
0.8488488488488488,1.0,1.0073948272555548,0.991993287607481,0.7895638030091634
0.8508508508508509,1.0,1.0073645761943912,0.9919958452016787,0.7904982232848183
0.8528528528528528,1.0,1.0073343454769508,0.9919984215478169,0.7914289215268278
0.8548548548548548,1.0,1.00730413681459,0.9920010165998059,0.7923559122986797
0.8568568568568569,1.0,1.0072739518875755,0.9920036303115944,0.7932792101121001
0.8588588588588588,1.0,1.0072437923455038,0.9920062626371693,0.7941988294271304
0.8608608608608609,1.0,1.0072136598077217,0.992008913530556,0.795114784652208
0.8628628628628628,1.0,1.0071835558637379,0.9920115829458183,0.7960270901442494
0.8648648648648649,1.0,1.0071534820736305,0.9920142708370584,0.7969357602087346
0.8668668668668669,1.0,1.0071234399684497,0.9920169771584172,0.7978408090997935
0.8688688688688688,1.0,1.0070934310506148,0.992019701864074,0.7987422510202955
0.8708708708708709,1.0,1.0070634567943078,0.9920224449082466,0.79964010012194
0.8728728728728729,1.0,1.0070335186458594,0.9920252062451925,0.8005343705053483
0.8748748748748749,1.0,1.007003618024134,0.9920279858292069,0.8014250762201595
0.8768768768768769,1.0,1.0069737563209058,0.9920307836146242,0.8023122312651254
0.8788788788788788,1.0,1.0069439349012337,0.992033599555818,0.8031958495882099
0.8808808808808809,1.0,1.006914155103829,0.9920364336072001,0.8040759450866874
0.8828828828828829,1.0,1.006884418241421,0.9920392857232223,0.8049525316072454
0.8848848848848849,1.0,1.0068547256011147,0.9920421558583745,0.8058256229460868
0.8868868868868869,1.0,1.006825078444748,0.9920450439671864,0.8066952328490348
0.8888888888888888,1.0,1.0067954780092407,0.9920479500042267,0.8075613750116386
0.8908908908908909,1.0,1.006765925506943,0.9920508739241032,0.8084240630792816
0.8928928928928929,1.0,1.0067364221259756,0.9920538156814633,0.8092833106472895
0.8948948948948949,1.0,1.006706969030568,0.9920567752309932,0.8101391312610418
0.8968968968968969,1.0,1.0066775673613937,0.9920597525274193,0.8109915384160822
0.8988988988988988,1.0,1.0066482182358971,0.9920627475255066,0.8118405455582325
0.9009009009009009,1.0,1.0066189227486206,0.99206576018006,0.8126861660837068
0.9029029029029029,1.0,1.0065896819715257,0.9920687904459242,0.8135284133392267
0.9049049049049049,1.0,1.0065604969543094,0.9920718382779831,0.8143673006221376
0.9069069069069069,1.0,1.0065313687247186,0.9920749036311606,0.8152028411805277
0.9089089089089089,1.0,1.0065022982888587,0.9920779864604203,0.8160350482133454
0.9109109109109109,1.0,1.0064732866314996,0.9920810867207652,0.8168639348705206
0.9129129129129129,1.0,1.006444334716376,0.9920842043672387,0.8176895142530849
0.914914914914915,1.0,1.006415443486488,0.9920873393549237,0.8185117994132941
0.9169169169169169,1.0,1.0063866138643922,0.9920904916389429,0.8193308033547508
0.9189189189189189,1.0,1.006357846752494,0.9920936611744596,0.8201465390325288
0.9209209209209209,1.0,1.0063291430333343,0.9920968479166768,0.8209590193532973
0.9229229229229229,1.0,1.006300503569872,0.9921000518208375,0.8217682571754477
0.924924924924925,1.0,1.006271929205764,0.9921032728422248,0.8225742653092185
0.9269269269269269,1.0,1.0062434207656414,0.9921065109361622,0.8233770565168245
0.9289289289289289,1.0,1.006214979055382,0.9921097660580138,0.8241766435125838
0.9309309309309309,1.0,1.00618660486238,0.9921130381631829,0.8249730389630469
0.9329329329329329,1.0,1.0061582989558107,0.9921163272071144,0.8257662554871266
0.934934934934935,1.0,1.0061300620868936,0.9921196331452931,0.8265563056562281
0.9369369369369369,1.0,1.0061018949891523,0.9921229559332438,0.8273432019943803
0.938938938938939,1.0,1.0060737983786687,0.9921262955265329,0.828126956978367
0.9409409409409409,1.0,1.0060457729543377,0.9921296518807662,0.8289075830378598
0.9429429429429429,1.0,1.0060178193981146,0.992133024951591,0.8296850925555503
0.944944944944945,1.0,1.0059899383752628,0.9921364146946943,0.8304594978672842
0.9469469469469469,1.0,1.0059621305345963,0.9921398210658049,0.8312308112621947
0.948948948948949,1.0,1.0059343965087195,0.9921432440206919,0.8319990449828374
0.950950950950951,1.0,1.0059067369142656,0.9921466835151647,0.8327642112253251
0.9529529529529529,1.0,1.005879152352129,0.9921501395050744,0.8335263221394636
0.954954954954955,1.0,1.0058516434076978,0.9921536119463126,0.8342853898288871
0.9569569569569569,1.0,1.0058242106510804,0.9921571007948116,0.8350414263511953
0.958958958958959,1.0,1.0057968546373317,0.9921606060065453,0.8357944437180898
0.960960960960961,1.0,1.0057695759066758,0.9921641275375283,0.8365444538955106
0.9629629629629629,1.0,1.0057423749847245,0.9921676653438161,0.8372914688037755
0.964964964964965,1.0,1.0057152523826942,0.9921712193815058,0.8380355003177159
0.9669669669669669,1.0,1.005688208597621,0.9921747896067354,0.8387765602668165
0.968968968968969,1.0,1.0056612441125707,0.9921783759756843,0.8395146604353529
0.970970970970971,1.0,1.0056343593968473,0.9921819784445727,0.8402498125625316
0.9729729729729729,1.0,1.0056075549061998,0.9921855969696631,0.8409820283426279
0.974974974974975,1.0,1.0055808310830248,0.9921892315072587,0.8417113194251261
0.9769769769769769,1.0,1.0055541883565668,0.9921928820137037,0.8424376974148586
0.978978978978979,1.0,1.005527627143117,0.992196548445385,0.8431611738721462
0.980980980980981,1.0,1.0055011478462088,0.9922002307587301,0.843881760312938
0.9829829829829829,1.0,1.0054747508568098,0.9922039289102083,0.8445994682089516
0.984984984984985,1.0,1.0054484365535135,0.9922076428563302,0.8453143089878132
0.986986986986987,1.0,1.0054222053027264,0.9922113725536488,0.8460262940331991
0.988988988988989,1.0,1.005396057458855,0.9922151179587582,0.8467354346849758
0.990990990990991,1.0,1.005369993364487,0.9922188790282944,0.8474417422393408
0.992992992992993,1.0,1.0053440133505742,0.9922226557189351,0.8481452279489635
0.994994994994995,1.0,1.0053181177366102,0.9922264479874001,0.8488459030231273
0.996996996996997,1.0,1.0052923068308062,0.9922302557904509,0.8495437786278698
0.998998998998999,1.0,1.005266580930266,0.9922340790848909,0.850238865886124
1.001001001001001,1.0,1.0052409403211575,0.9922379178275654,0.8509311758778602
1.003003003003003,1.0,1.005215385278881,0.9922417719753619,0.851620719640227
1.005005005005005,1.0,1.0051899160682383,0.9922456414852101,0.8523075081676935
1.007007007007007,1.0,1.0051645329435963,0.9922495263140809,0.8529915524121893
1.009009009009009,1.0,1.0051392361490519,0.9922534264189887,0.853672863283247
1.011011011011011,1.0,1.00511402591859,0.9922573417569889,0.8543514516481437
1.013013013013013,1.0,1.0050889024762457,0.9922612722851802,0.8550273283320422
1.015015015015015,1.0,1.0050638660362583,0.992265217960702,0.8557005041181323
1.017017017017017,1.0,1.0050389168032274,0.9922691787407378,0.8563709897477721
1.019019019019019,1.0,1.005014054972265,0.9922731545825123,0.85703879592063
1.021021021021021,1.0,1.0049892807291465,0.992277145443293,0.8577039332948255
1.023023023023023,1.0,1.0049645942504595,0.9922811512803895,0.8583664124870708
1.025025025025025,1.0,1.0049399957037495,0.9922851720511543,0.8590262440728114
1.027027027027027,1.0,1.0049154852476667,0.9922892077129823,0.859683438586368
1.029029029029029,1.0,1.0048910630321073,0.9922932582233109,0.8603380065210767
1.031031031031031,1.0,1.004866729198355,0.9922973235396197,0.8609899583294309
1.033033033033033,1.0,1.0048424838792211,0.9923014036194316,0.861639304423221
1.035035035035035,1.0,1.0048183271991802,0.9923054984203121,0.8622860551736758
1.037037037037037,1.0,1.0047942592745074,0.9923096078998688,0.8629302209116033
1.039039039039039,1.0,1.0047702802134113,0.9923137320157527,0.8635718119275302
1.0410410410410411,1.0,1.0047463901161662,0.9923178707256571,0.8642108384718431
1.043043043043043,1.0,1.0047225890752423,0.9923220239873188,0.8648473107549285
1.045045045045045,1.0,1.0046988771754344,0.9923261917585167,0.8654812389473122
1.047047047047047,1.0,1.004675254493989,0.9923303739970728,0.8661126331797997
1.049049049049049,1.0,1.0046517211007293,0.9923345706608528,0.866741503543616
1.0510510510510511,1.0,1.0046282770581787,0.9923387817077645,0.8673678600905446
1.053053053053053,1.0,1.0046049224216826,0.9923430070957591,0.867991712833067
1.055055055055055,1.0,1.0045816572395287,0.9923472467828304,0.8686130717445018
1.057057057057057,1.0,1.0045584815530666,0.9923515007270161,0.8692319467591436
1.059059059059059,1.0,1.004535395396823,0.9923557688863966,0.8698483477724023
1.0610610610610611,1.0,1.0045123987986198,0.9923600512190953,0.8704622846409403
1.063063063063063,1.0,1.0044894917796856,0.9923643476832795,0.8710737671828123
1.065065065065065,1.0,1.0044666743547697,0.9923686582371586,0.8716828051776019
1.067067067067067,1.0,1.0044439465322532,0.9923729828389865,0.8722894083665605
1.069069069069069,1.0,1.0044213083142575,0.9923773214470596,0.872893586452745
1.0710710710710711,1.0,1.0043987596967527,0.992381674019718,0.8734953491011537
1.073073073073073,1.0,1.0043763006696653,0.9923860405153451,0.8740947059388654
1.075075075075075,1.0,1.0043539312169818,0.9923904208923682,0.874691666555175
1.077077077077077,1.0,1.004331651316853,0.992394815109257,0.8752862405017304
1.079079079079079,1.0,1.004309460941697,0.9923992231245258,0.8758784372926691
1.0810810810810811,1.0,1.0042873600582989,0.9924036448967319,0.8764682664047538
1.083083083083083,1.0,1.0042653486279123,0.992408080384476,0.877055737277509
1.085085085085085,1.0,1.0042434266063553,0.992412529546403,0.8776408593133553
1.087087087087087,1.0,1.0042215939441095,0.992416992341201,0.8782236418777466
1.089089089089089,1.0,1.0041998505864143,0.9924214687276018,0.8788040942993031
1.0910910910910911,1.0,1.0041781964733616,0.9924259586643813,0.8793822258699474
1.093093093093093,1.0,1.004156631539989,0.9924304621103585,0.8799580458450385
1.095095095095095,1.0,1.0041351557163718,0.9924349790243965,0.8805315634435055
1.097097097097097,1.0,1.0041137689277133,0.9924395093654028,0.8811027878479821
1.0990990990990992,1.0,1.0040924710944337,0.9924440530923273,0.88167172820494
1.1011011011011012,1.0,1.004071262132259,0.9924486101641654,0.8822383936248216
1.103103103103103,1.0,1.0040501419523071,0.9924531805399557,0.8828027931821738
1.105105105105105,1.0,1.0040291104611745,0.9924577641787803,0.8833649359157801
1.107107107107107,1.0,1.0040081675610195,0.9924623610397658,0.8839248308287926
1.1091091091091092,1.0,1.0039873131496473,0.992466971082083,0.884482486888865
1.1111111111111112,1.0,1.0039665471205907,0.9924715942649462,0.8850379130282833
1.1131131131131131,1.0,1.0039458693631913,0.9924762305476145,0.8855911181440972
1.115115115115115,1.0,1.0039252797626808,0.9924808798893899,0.8861421110982524
1.117117117117117,1.0,1.0039047782002586,0.9924855422496199,0.8866909007177194
1.1191191191191192,1.0,1.00388436455317,0.9924902175876953,0.8872374957946254
1.1211211211211212,1.0,1.0038640386947837,0.9924949058630512,0.8877819050863835
1.1231231231231231,1.0,1.0038438004946653,0.9924996070351677,0.8883241373158232
1.125125125125125,1.0,1.0038236498186548,0.9925043210635682,0.8888642011713183
1.127127127127127,1.0,1.0038035865289376,0.9925090479078208,0.8894021053069177
1.1291291291291292,1.0,1.0037836104841191,0.9925137875275374,0.8899378583424731
1.1311311311311312,1.0,1.0037637215392947,0.9925185398823759,0.8904714688637674
1.1331331331331331,1.0,1.003743919546121,0.9925233049320361,0.8910029454226427
1.135135135135135,1.0,1.0037242043528858,0.9925280826362648,0.8915322965371284
1.137137137137137,1.0,1.0037045758045753,0.9925328729548508,0.8920595306915681
1.1391391391391392,1.0,1.0036850337429437,0.9925376758476295,0.8925846563367464
1.1411411411411412,1.0,1.0036655780065782,0.9925424912744796,0.893107681890016
1.1431431431431431,1.0,1.0036462084309652,0.9925473191953245,0.8936286157354236
1.145145145145145,1.0,1.003626924848556,0.9925521595701321,0.8941474662238359
1.147147147147147,1.0,1.0036077270888297,0.9925570123589154,0.8946642416730649
1.1491491491491492,1.0,1.0035886149783562,0.9925618775217314,0.8951789503679934
1.1511511511511512,1.0,1.0035695883408589,0.9925667550186827,0.8956916005607001
1.1531531531531531,1.0,1.0035506469972753,0.992571644809915,0.8962022004705829
1.155155155155155,1.0,1.0035317907658186,0.99257654685562,0.896710758284484
1.157157157157157,1.0,1.0035130194620352,0.9925814611160341,0.8972172821568138
1.1591591591591592,1.0,1.0034943328988652,0.9925863875514377,0.8977217802096732
1.1611611611611612,1.0,1.0034757308866995,0.9925913261221564,0.8982242605329772
1.1631631631631631,1.0,1.0034572132334367,0.9925962767885608,0.8987247311845783
1.165165165165165,1.0,1.0034387797445392,0.992601239511066,0.8992232001903869
1.167167167167167,1.0,1.0034204302230891,0.9926062142501324,0.899719675544495
1.1691691691691692,1.0,1.0034021644698423,0.9926112009662644,0.9002141652092965
1.1711711711711712,1.0,1.0033839822832828,0.9926161996200127,0.9007066771156093
1.1731731731731732,1.0,1.0033658834596748,0.9926212101719717,0.901197219162795
1.1751751751751751,1.0,1.003347867793116,0.9926262325827817,0.9016857992188804
1.177177177177177,1.0,1.0033299350755887,0.9926312668131271,0.9021724251206767
1.1791791791791792,1.0,1.00331208509701,0.9926363128237379,0.9026571046738996
1.1811811811811812,1.0,1.0032943176452835,0.9926413705753893,0.9031398456532882
1.1831831831831832,1.0,1.003276632506346,0.9926464400289011,0.9036206558027244
1.1851851851851851,1.0,1.0032590294642185,0.9926515211451387,0.9040995428353508
1.187187187187187,1.0,1.003241508301053,0.9926566138850117,0.9045765144336896
1.1891891891891893,1.0,1.0032240687971792,0.9926617182094762,0.90505157824976
1.1911911911911912,1.0,1.0032067107311522,0.9926668340795326,0.9055247419051948
1.1931931931931932,1.0,1.0031894338797975,0.9926719614562267,0.9059960129913592
1.1951951951951951,1.0,1.003172238018256,0.9926771003006492,0.9064653990694655
1.197197197197197,1.0,1.0031551229200286,0.9926822505739368,0.906932907670691
1.1991991991991993,1.0,1.003138088357021,0.9926874122372706,0.9073985462962928
1.2012012012012012,1.0,1.0031211340995847,0.992692585251878,0.9078623224177236
1.2032032032032032,1.0,1.0031042599165618,0.9926977695790307,0.9083242434767468
1.2052052052052051,1.0,1.0030874655753257,0.9927029651800463,0.9087843168855516
1.207207207207207,1.0,1.0030707508418217,0.9927081720162874,0.909242550026867
1.2092092092092093,1.0,1.0030541154806099,0.9927133900491629,0.909698950254076
1.2112112112112112,1.0,1.0030375592549023,0.9927186192401258,0.9101535248913288
1.2132132132132132,1.0,1.003021081926605,0.9927238595506759,0.9106062812336562
1.2152152152152151,1.0,1.0030046832563548,0.992729110942357,0.9110572265470832
1.2172172172172173,1.0,1.0029883630035592,0.9927343733767595,0.91150636806874
1.2192192192192193,1.0,1.0029721209264326,0.9927396468155193,0.9119537130069754
1.2212212212212212,1.0,1.002955956782035,0.9927449312203168,0.912399268541468
1.2232232232232232,1.0,1.0029398703263066,0.9927502265528791,0.912843041823338
1.2252252252252251,1.0,1.0029238613141058,0.992755532774978,0.9132850399752566
1.2272272272272273,1.0,1.0029079294992431,0.9927608498484317,0.9137252700915586
1.2292292292292293,1.0,1.002892074634517,0.9927661777351033,0.9141637392383514
1.2312312312312312,1.0,1.0028762964717475,0.9927715163969018,0.9146004544536251
1.2332332332332332,1.0,1.002860594761811,0.9927768657957817,0.9150354227473624
1.2352352352352352,1.0,1.0028449692546726,0.9927822258937439,0.9154686511016462
1.2372372372372373,1.0,1.0028294196994196,0.9927875966528339,0.9159001464707704
1.2392392392392393,1.0,1.002813945844293,0.9927929780351437,0.9163299157813468
1.2412412412412412,1.0,1.002798547436721,0.9927983700028107,0.9167579659324128
1.2432432432432432,1.0,1.0027832242233476,0.9928037725180181,0.9171843037955402
1.2452452452452452,1.0,1.0027679759500663,0.9928091855429946,0.9176089362149414
1.2472472472472473,1.0,1.0027528023620482,0.9928146090400156,0.9180318700075768
1.2492492492492493,1.0,1.002737703203773,0.9928200429714013,0.9184531119632604
1.2512512512512513,1.0,1.0027226782190588,0.9928254872995181,0.918872668844767
1.2532532532532532,1.0,1.0027077271510891,0.9928309419867785,0.9192905473879368
1.2552552552552552,1.0,1.0026928497424434,0.9928364069956406,0.9197067543017818
1.2572572572572573,1.0,1.0026780457351245,0.992841882288608,0.9201212962685896
1.2592592592592593,1.0,1.0026633148705857,0.9928473678282315,0.9205341799440284
1.2612612612612613,1.0,1.0026486568897575,0.9928528635771061,0.920945411957252
1.2632632632632632,1.0,1.0026340715330762,0.9928583694978741,0.9213549989110024
1.2652652652652652,1.0,1.0026195585405078,0.9928638855532231,0.9217629473817136
1.2672672672672673,1.0,1.0026051176515762,0.9928694117058867,0.9221692639196158
1.2692692692692693,1.0,1.0025907486053864,0.9928749479186448,0.9225739550488364
1.2712712712712713,1.0,1.002576451140651,0.9928804941543233,0.922977027267503
1.2732732732732732,1.0,1.0025622249957145,0.9928860503757937,0.923378487047846
1.2752752752752752,1.0,1.0025480699085771,0.992891616545974,0.9237783408362996
1.2772772772772774,1.0,1.002533985616919,0.9928971926278283,0.9241765950536032
1.2792792792792793,1.0,1.002519971858124,0.9929027785843658,0.9245732560949016
1.2812812812812813,1.0,1.0025060283693015,0.9929083743786434,0.9249683303298476
1.2832832832832832,1.0,1.0024921548873102,0.9929139799737627,0.9253618241026992
1.2852852852852852,1.0,1.0024783511487803,0.9929195953328724,0.925753743732422
1.2872872872872874,1.0,1.002464616890135,0.9929252204191666,0.9261440955127862
1.2892892892892893,1.0,1.0024509518476123,0.9929308551958862,0.9265328857124684
1.2912912912912913,1.0,1.0024373557572865,0.9929364996263179,0.9269201205751478
1.2932932932932932,1.0,1.002423828355088,0.9929421536737948,0.9273058063196064
1.2952952952952952,1.0,1.002410369376825,0.9929478173016959,0.9276899491398256
1.2972972972972974,1.0,1.002396978558203,0.9929534904734463,0.9280725552050844
1.2992992992992993,1.0,1.002383655634845,0.9929591731525185,0.9284536306600571
1.3013013013013013,1.0,1.0023704003423104,0.9929648653024296,0.9288331816249096
1.3033033033033032,1.0,1.0023572124161146,0.9929705668867443,0.9292112141953954
1.3053053053053052,1.0,1.0023440915917476,0.9929762778690728,0.9295877344429534
1.3073073073073074,1.0,1.002331037604693,0.9929819982130719,0.929962748414802
1.3093093093093093,1.0,1.0023180501904454,0.9929877278824448,0.930336262134036
1.3113113113113113,1.0,1.002305129084528,0.9929934668409406,0.9307082815997209
1.3133133133133132,1.0,1.0022922740225118,0.9929992150523551,0.9310788127869876
1.3153153153153152,1.0,1.0022794847400311,0.993004972480531,0.9314478616471272
1.3173173173173174,1.0,1.0022667609728013,0.9930107390893559,0.9318154341076854
1.3193193193193193,1.0,1.0022541024566356,0.9930165148427648,0.9321815360725552
1.3213213213213213,1.0,1.0022415089274603,0.9930222997047389,0.9325461734220708
1.3233233233233233,1.0,1.0022289801213327,0.9930280936393063,0.9329093520131012
1.3253253253253252,1.0,1.002216515774455,0.9930338966105408,0.933271077679142
1.3273273273273274,1.0,1.0022041156231907,0.9930397085825627,0.9336313562304072
1.3293293293293293,1.0,1.0021917794040798,0.9930455295195388,0.9339901934539236
1.3313313313313313,1.0,1.0021795068538537,0.9930513593856828,0.9343475951136198
1.3333333333333333,1.0,1.0021672977094496,0.9930571981452544,0.9347035669504186
1.3353353353353352,1.0,1.002155151708025,0.9930630457625598,0.9350581146823284
1.3373373373373374,1.0,1.002143068586972,0.993068902201952,0.9354112440045326
1.3393393393393394,1.0,1.0021310480839318,0.9930747674278302,0.935762960589481
1.3413413413413413,1.0,1.002119089936806,0.9930806414046403,0.9361132700869794
1.3433433433433433,1.0,1.0021071938837727,0.9930865240968745,0.9364621781242786
1.3453453453453452,1.0,1.002095359663298,0.9930924154690721,0.9368096903061642
1.3473473473473474,1.0,1.0020835870141496,0.9930983154858182,0.9371558122150458
1.3493493493493494,1.0,1.0020718756754083,0.9931042241117447,0.9375005494110448
1.3513513513513513,1.0,1.0020602253864823,0.9931101413115302,0.9378439074320828
1.3533533533533533,1.0,1.0020486358871175,0.9931160670499002,0.9381858917939704
1.3553553553553555,1.0,1.0020371069174103,0.9931220012916262,0.9385265079904934
1.3573573573573574,1.0,1.0020256382178192,0.9931279440015264,0.9388657614935012
1.3593593593593594,1.0,1.002014229529176,0.9931338951444659,0.9392036577529927
1.3613613613613613,1.0,1.0020028805926977,0.9931398546853565,0.9395402021972044
1.3633633633633633,1.0,1.0019915911499964,0.9931458225891558,0.9398754002326942
1.3653653653653655,1.0,1.0019803609430906,0.9931517988208693,0.9402092572444298
1.3673673673673674,1.0,1.0019691897144165,0.9931577833455483,0.940541778595873
1.3693693693693694,1.0,1.0019580772068375,0.9931637761282908,0.940872969629065
1.3713713713713713,1.0,1.0019470231636545,0.9931697771342416,0.9412028356647116
1.3733733733733733,1.0,1.0019360273286158,0.9931757863285923,0.9415313820022684
1.3753753753753755,1.0,1.0019250894459273,0.9931818036765812,0.941858613920023
1.3773773773773774,1.0,1.0019142092602618,0.993187829143493,0.9421845366751818
1.3793793793793794,1.0,1.0019033865167681,0.9931938626946595,0.9425091555039514
1.3813813813813813,1.0,1.0018926209610806,0.9931999042954587,0.9428324756216232
1.3833833833833833,1.0,1.0018819123393274,0.993205953911316,0.9431545022226556
1.3853853853853855,1.0,1.0018712603981408,0.9932120115077028,0.9434752404807576
1.3873873873873874,1.0,1.0018606648846637,0.9932180770501373,0.94379469554897
1.3893893893893894,1.0,1.00185012554656,0.9932241505041857,0.9441128725597486
1.3913913913913913,1.0,1.0018396421320215,0.9932302318354591,0.9444297766250448
1.3933933933933933,1.0,1.001829214389776,0.9932363210096167,0.944745412836388
1.3953953953953955,1.0,1.0018188420690965,0.9932424179923638,0.9450597862649668
1.3973973973973974,1.0,1.0018085249198074,0.9932485227494527,0.945372901961708
1.3993993993993994,1.0,1.0017982626922926,0.9932546352466827,0.9456847649573596
1.4014014014014013,1.0,1.001788055137503,0.9932607554498992,0.9459953802625692
1.4034034034034033,1.0,1.0017779020069637,0.9932668833249949,0.9463047528679648
1.4054054054054055,1.0,1.0017678030527806,0.9932730188379093,0.9466128877442336
1.4074074074074074,1.0,1.0017577580276475,0.993279161954629,0.946919789842202
1.4094094094094094,1.0,1.001747766684853,0.9932853126411866,0.9472254640929136
1.4114114114114114,1.0,1.0017378287782879,0.9932914708636622,0.9475299154077091
1.4134134134134133,1.0,1.0017279440624487,0.9932976365881825,0.9478331486783036
1.4154154154154155,1.0,1.0017181122924472,0.9933038097809206,0.948135168776865
1.4174174174174174,1.0,1.0017083332240149,0.9933099904080975,0.9484359805560916
1.4194194194194194,1.0,1.0016986066135087,0.9933161784359799,0.9487355888492892
1.4214214214214214,1.0,1.0016889322179185,0.993322373830882,0.94903399847045
1.4234234234234233,1.0,1.0016793097948702,0.9933285765591648,0.9493312142143266
1.4254254254254255,1.0,1.0016697391026332,0.9933347865872361,0.9496272408565108
1.4274274274274275,1.0,1.0016602199001254,0.9933410038815502,0.9499220831535083
1.4294294294294294,1.0,1.0016507519469182,0.9933472284086087,0.9502157458428164
1.4314314314314314,1.0,1.0016413350032414,0.99335346013496,0.9505082336429976
1.4334334334334333,1.0,1.0016319688299884,0.9933596990271994,0.950799551253756
1.4354354354354355,1.0,1.0016226531887218,0.9933659450519685,0.951089703356013
1.4374374374374375,1.0,1.0016133878416764,0.9933721981759573,0.9513786946119804
1.4394394394394394,1.0,1.0016041725517653,0.9933784583659007,0.9516665296652363
1.4414414414414414,1.0,1.001595007082584,0.9933847255885818,0.951953213140799
1.4434434434434433,1.0,1.0015858911984143,0.9933909998108301,0.9522387496452
1.4454454454454455,1.0,1.0015768246642287,0.9933972809995224,0.9525231437665586
1.4474474474474475,1.0,1.0015678072456955,0.9934035691215819,0.9528064000746548
1.4494494494494494,1.0,1.0015588387091805,0.993409864143979,0.9530885231210025
1.4514514514514514,1.0,1.0015499188217531,0.9934161660337312,0.9533695174389216
1.4534534534534533,1.0,1.0015410473511897,0.9934224747579022,0.9536493875436116
1.4554554554554555,1.0,1.0015322240659752,0.9934287902836036,0.953928137932223
1.4574574574574575,1.0,1.0015234487353097,0.993435112577993,0.9542057730839288
1.4594594594594594,1.0,1.0015147211291098,0.9934414416082754,0.9544822974599972
1.4614614614614614,1.0,1.0015060410180123,0.993447777341703,0.9547577155038626
1.4634634634634633,1.0,1.0014974081733778,0.9934541197455737,0.9550320316411952
1.4654654654654655,1.0,1.0014888223672935,0.9934604687872339,0.9553052502799744
1.4674674674674675,1.0,1.0014802833725762,0.9934668244340759,0.9555773758105568
1.4694694694694694,1.0,1.0014717909627753,0.9934731866535393,0.955848412605748
1.4714714714714714,1.0,1.0014633449121755,0.9934795554131103,0.956118365020872
1.4734734734734736,1.0,1.0014549449958,0.9934859306803229,0.9563872373938408
1.4754754754754755,1.0,1.0014465909894117,0.9934923124227566,0.956655034045224
1.4774774774774775,1.0,1.0014382826695174,0.9934987006080391,0.9569217592783176
1.4794794794794794,1.0,1.0014300198133692,0.9935050952038447,0.9571874173792128
1.4814814814814814,1.0,1.001421802198967,0.9935114961778941,0.957452012616866
1.4834834834834836,1.0,1.0014136296050606,0.993517903497956,0.9577155492431644
1.4854854854854855,1.0,1.0014055018111525,0.9935243171318447,0.9579780314929968
1.4874874874874875,1.0,1.0013974185974988,0.993530737047422,0.9582394635843194
1.4894894894894894,1.0,1.001389379745112,0.9935371632125976,0.9584998497182248
1.4914914914914914,1.0,1.0013813850357633,0.9935435955953266,0.9587591940790078
1.4934934934934936,1.0,1.0013734342519833,0.9935500341636117,0.9590175008342334
1.4954954954954955,1.0,1.0013655271770636,0.9935564788855029,0.9592747741348032
1.4974974974974975,1.0,1.0013576635950598,0.9935629297290968,0.9595310181150222
1.4994994994994995,1.0,1.0013498432907921,0.9935693866625366,0.9597862368926636
1.5015015015015014,1.0,1.0013420660498467,0.9935758496540127,0.9600404345690372
1.5035035035035036,1.0,1.0013343316585772,0.9935823186717632,0.9602936152290528
1.5055055055055055,1.0,1.0013266399041068,0.9935887936840717,0.9605457829412862
1.5075075075075075,1.0,1.0013189905743278,0.9935952746592698,0.9607969417580454
1.5095095095095095,1.0,1.0013113834579048,0.9936017615657358,0.9610470957154345
1.5115115115115114,1.0,1.0013038183442742,0.993608254371894,0.961296248833418
1.5135135135135136,1.0,1.0012962950236461,0.9936147530462176,0.9615444051158866
1.5155155155155156,1.0,1.0012888132870048,0.9936212575572249,0.9617915685507196
1.5175175175175175,1.0,1.0012813729261099,0.9936277678734817,0.9620377431098504
1.5195195195195195,1.0,1.001273973733497,0.9936342839636014,0.9622829327493287
1.5215215215215214,1.0,1.0012666155024783,0.9936408057962435,0.9625271414093858
1.5235235235235236,1.0,1.0012592980271438,0.9936473333401139,0.9627703730144948
1.5255255255255256,1.0,1.0012520211023612,0.9936538665639675,0.9630126314734364
1.5275275275275275,1.0,1.0012447845237773,0.9936604054366038,0.9632539206793596
1.5295295295295295,1.0,1.0012375880878177,0.9936669499268708,0.9634942445098454
1.5315315315315314,1.0,1.0012304315916873,0.9936735000036623,0.963733606826968
1.5335335335335336,1.0,1.0012233148333716,0.9936800556359201,0.963972011477357
1.5355355355355356,1.0,1.0012162376116356,0.9936866167926317,0.9642094622922588
1.5375375375375375,1.0,1.0012091997260248,0.9936931834428324,0.9644459630875984
1.5395395395395395,1.0,1.0012022009768662,0.9936997555556045,0.9646815176640408
1.5415415415415414,1.0,1.0011952411652663,0.9937063331000761,0.9649161298070512
1.5435435435435436,1.0,1.0011883200931133,0.9937129160454233,0.965149803286956
1.5455455455455456,1.0,1.0011814375630763,0.9937195043608688,0.9653825418590032
1.5475475475475475,1.0,1.0011745933786043,0.993726098015682,0.9656143492634224
1.5495495495495495,1.0,1.0011677873439282,0.9937326969791793,0.9658452292254858
1.5515515515515514,1.0,1.0011610192640588,0.9937393012207235,0.9660751854555664
1.5535535535535536,1.0,1.0011542889447878,0.9937459107097251,0.966304221649198
1.5555555555555556,1.0,1.0011475961926868,0.9937525254156412,0.9665323414871352
1.5575575575575575,1.0,1.001140940815107,0.993759145307975,0.966759548635412
1.5595595595595595,1.0,1.0011343226201799,0.9937657703562779,0.9669858467454
1.5615615615615615,1.0,1.0011277414168154,0.9937724005301471,0.9672112394538674
1.5635635635635636,1.0,1.001121197014703,0.9937790357992273,0.9674357303830374
1.5655655655655656,1.0,1.0011146892243097,0.9937856761332093,0.967659323140646
1.5675675675675675,1.0,1.0011082178568804,0.9937923215018313,0.9678820213200008
1.5695695695695695,1.0,1.001101782724438,0.9937989718748783,0.9681038285000364
1.5715715715715715,1.0,1.001095383639781,0.9938056272221822,0.9683247482453748
1.5735735735735736,1.0,1.0010890204164842,0.9938122875136213,0.9685447841063806
1.5755755755755756,1.0,1.0010826928688978,0.9938189527191212,0.9687639396192176
1.5775775775775776,1.0,1.0010764008121464,0.9938256228086537,0.968982218305907
1.5795795795795795,1.0,1.0010701440621284,0.9938322977522382,0.9691996236743832
1.5815815815815815,1.0,1.001063922435515,0.9938389775199403,0.9694161592185496
1.5835835835835836,1.0,1.0010577357497494,0.9938456620818727,0.9696318284183358
1.5855855855855856,1.0,1.0010515838230465,0.993852351408195,0.969846634739752
1.5875875875875876,1.0,1.0010454664743909,0.9938590454691123,0.9700605816349456
1.5895895895895895,1.0,1.0010393835235367,0.9938657442348791,0.9702736725422562
1.5915915915915915,1.0,1.0010333347910068,0.9938724476757941,0.970485910886271
1.5935935935935936,1.0,1.0010273200980904,0.9938791557622038,0.9706973000778798
1.5955955955955956,1.0,1.001021339266844,0.9938858684645018,0.9709078435143288
1.5975975975975976,1.0,1.001015392120088,0.9938925857531278,0.9711175445792768
1.5995995995995995,1.0,1.001009478481408,0.9938993075985683,0.9713264066428474
1.6016016016016015,1.0,1.0010035981751517,0.9939060339713577,0.9715344330616852
1.6036036036036037,1.0,1.0009977510264287,0.9939127648420748,0.971741627179008
1.6056056056056056,1.0,1.0009919368611087,0.9939195001813478,0.9719479923246616
1.6076076076076076,1.0,1.0009861555058206,0.9939262399598494,0.9721535318151724
1.6096096096096095,1.0,1.000980406787951,0.9939329841483002,0.9723582489538004
1.6116116116116117,1.0,1.0009746905356438,0.9939397327174673,0.9725621470305936
1.6136136136136137,1.0,1.000969006577797,0.9939464856381643,0.9727652293224398
1.6156156156156156,1.0,1.000963354744063,0.9939532428812516,0.972967499093119
1.6176176176176176,1.0,1.0009577348648466,0.9939600044176361,0.973168959593356
1.6196196196196195,1.0,1.000952146771303,0.9939667702182715,0.9733696140608736
1.6216216216216217,1.0,1.0009465902953374,0.9939735402541586,0.973569465720442
1.6236236236236237,1.0,1.0009410652696027,0.9939803144963438,0.9737685177839338
1.6256256256256256,1.0,1.0009355715274986,0.9939870929159211,0.9739667734503732
1.6276276276276276,1.0,1.0009301089031697,0.993993875484031,0.974164235905988
1.6296296296296295,1.0,1.000924677231504,0.9940006621718598,0.9743609083242613
1.6316316316316317,1.0,1.0009192763481305,0.9940074529506409,0.9745567938659808
1.6336336336336337,1.0,1.0009139060894199,0.9940142477916554,0.9747518956792924
1.6356356356356356,1.0,1.0009085662924804,0.9940210466662289,0.974946216899748
1.6376376376376376,1.0,1.0009032567951575,0.9940278495457353,0.9751397606503568
1.6396396396396395,1.0,1.0008979774360316,0.9940346564015948,0.9753325300416354
1.6416416416416417,1.0,1.0008927280544175,0.9940414672052726,0.9755245281716588
1.6436436436436437,1.0,1.0008875084903608,0.9940482819282829,0.9757157581261076
1.6456456456456456,1.0,1.0008823185846378,0.9940551005421847,0.9759062229783207
1.6476476476476476,1.0,1.0008771581787534,0.9940619230185839,0.9760959257893418
1.6496496496496496,1.0,1.0008720271149385,0.9940687493291335,0.9762848696079702
1.6516516516516517,1.0,1.000866925236149,0.9940755794455319,0.9764730574708094
1.6536536536536537,1.0,1.000861852386064,0.9940824133395254,0.9766604924023156
1.6556556556556556,1.0,1.0008568084090834,0.9940892509829059,0.9768471774148464
1.6576576576576576,1.0,1.0008517931503267,0.9940960923475121,0.9770331155087092
1.6596596596596596,1.0,1.0008468064556304,0.9941029374052281,0.9772183096722096
1.6616616616616617,1.0,1.0008418481715473,0.9941097861279866,0.9774027628816986
1.6636636636636637,1.0,1.0008369181453431,0.9941166384877651,0.9775864781016216
1.6656656656656657,1.0,1.000832016224996,0.9941234944565878,0.9777694582845644
1.6676676676676676,1.0,1.000827142259193,0.9941303540065258,0.9779517063713024
1.6696696696696696,1.0,1.00082229609733,0.9941372171096959,0.9781332252908465
1.6716716716716717,1.0,1.0008174775895085,0.9941440837382622,0.9783140179604904
1.6736736736736737,1.0,1.0008126865865334,0.9941509538644345,0.9784940872858576
1.6756756756756757,1.0,1.0008079229399123,0.9941578274604694,0.9786734361609488
1.6776776776776776,1.0,1.0008031865018523,0.9941647044986697,0.9788520674681866
1.6796796796796796,1.0,1.0007984771252585,0.9941715849513842,0.9790299840784634
1.6816816816816818,1.0,1.000793794663732,0.9941784687910087,0.979207188851187
1.6836836836836837,1.0,1.0007891389715677,0.9941853559899849,0.9793836846343256
1.6856856856856857,1.0,1.0007845099037525,0.9941922465208006,0.9795594742644558
1.6876876876876876,1.0,1.000779907315963,0.9941991403559911,0.9797345605668052
1.6896896896896896,1.0,1.0007753310645633,0.9942060374681365,0.9799089463553006
1.6916916916916918,1.0,1.0007707810066033,0.9942129378298636,0.9800826344326103
1.6936936936936937,1.0,1.0007662569998166,0.9942198414138462,0.9802556275901924
1.6956956956956957,1.0,1.0007617589026174,0.9942267481928039,0.9804279286083368
1.6976976976976976,1.0,1.0007572865741001,0.9942336581395023,0.980599540256211
1.6996996996996996,1.0,1.0007528398740357,0.9942405712267537,0.9807704652919051
1.7017017017017018,1.0,1.0007484186628706,0.9942474874274161,0.9809407064624754
1.7037037037037037,1.0,1.0007440228017237,0.9942544067143935,0.981110266503988
1.7057057057057057,1.0,1.000739652152385,0.9942613290606375,0.981279148141564
1.7077077077077076,1.0,1.0007353065773124,0.9942682544391446,0.9814473540894224
1.7097097097097096,1.0,1.000730985939631,0.9942751828229575,0.9816148870509244
1.7117117117117118,1.0,1.0007266901031298,0.9942821141851657,0.981781749718615
1.7137137137137137,1.0,1.0007224189322597,0.9942890484989042,0.9819479447742694
1.7157157157157157,1.0,1.0007181722921312,0.9942959857373544,0.9821134748889332
1.7177177177177176,1.0,1.0007139500485134,0.9943029258737444,0.9822783427229668
1.7197197197197196,1.0,1.0007097520678296,0.9943098688813471,0.9824425509260872
1.7217217217217218,1.0,1.0007055782171572,0.9943168147334829,0.9826061021374116
1.7237237237237237,1.0,1.0007014283642242,0.9943237634035171,0.9827689989854986
1.7257257257257257,1.0,1.0006973023774073,0.9943307148648619,0.982931244088392
1.7277277277277276,1.0,1.00069320012573,0.9943376690909748,0.9830928400536614
1.7297297297297298,1.0,1.00068912147886,0.9943446260553598,0.9832537894784444
1.7317317317317318,1.0,1.000685066307107,0.9943515857315668,0.9834140949494888
1.7337337337337337,1.0,1.00068103448142,0.9943585480931916,0.983573759043194
1.7357357357357357,1.0,1.0006770258733868,0.9943655131138767,0.9837327843256516
1.7377377377377377,1.0,1.000673040355229,0.9943724807673092,0.9838911733526884
1.7397397397397398,1.0,1.000669077799803,0.9943794510272232,0.9840489286699056
1.7417417417417418,1.0,1.000665138080594,0.9943864238673985,0.9842060528127202
1.7437437437437437,1.0,1.000661221071717,0.9943933992616603,0.9843625483064066
1.7457457457457457,1.0,1.0006573266479128,0.9944003771838811,0.984518417666136
1.7477477477477477,1.0,1.0006534546845463,0.9944073576079772,0.9846736633970176
1.7497497497497498,1.0,1.000649605057604,0.9944143405079127,0.9848282879941382
1.7517517517517518,1.0,1.0006457776436912,0.9944213258576963,0.9849822939426032
1.7537537537537538,1.0,1.0006419723200315,0.9944283136313832,0.9851356837175758
1.7557557557557557,1.0,1.0006381889644624,0.9944353038030745,0.9852884597843165
1.7577577577577577,1.0,1.0006344274554342,0.9944422963469165,0.9854406245982236
1.7597597597597598,1.0,1.0006306876720072,0.9944492912371019,0.9855921806048716
1.7617617617617618,1.0,1.00062696949385,0.9944562884478684,0.985743130240052
1.7637637637637638,1.0,1.0006232728012368,0.9944632879535007,0.9858934759298108
1.7657657657657657,1.0,1.0006195974750445,0.9944702897283277,0.9860432200904878
1.7677677677677677,1.0,1.0006159433967519,0.994477293746725,0.9861923651287569
1.7697697697697699,1.0,1.0006123104484361,0.9944842999831143,0.9863409134416624
1.7717717717717718,1.0,1.0006086985127707,0.9944913084119624,0.98648886741666
1.7737737737737738,1.0,1.000605107473023,0.9944983190077811,0.986636229431653
1.7757757757757757,1.0,1.0006015372130528,0.9945053317451291,0.9867830018550316
1.7777777777777777,1.0,1.0005979876173092,0.9945123465986101,0.9869291870457112
1.7797797797797799,1.0,1.0005944585708284,0.9945193635428735,0.987074787353169
1.7817817817817818,1.0,1.0005909499592316,0.9945263825526142,0.9872198051174832
1.7837837837837838,1.0,1.0005874616687223,0.9945334036025728,0.9873642426693702
1.7857857857857857,1.0,1.0005839935860852,0.9945404266675357,0.9875081023302212
1.7877877877877877,1.0,1.0005805455986814,0.9945474517223352,0.987651386412141
1.7897897897897899,1.0,1.0005771175944496,0.9945544787418472,0.9877940972179832
1.7917917917917918,1.0,1.0005737094619,0.9945615077009957,0.9879362370413888
1.7937937937937938,1.0,1.0005703210901156,0.9945685385747487,0.988077808166823
1.7957957957957957,1.0,1.000566952368747,0.9945755713381195,0.9882188128696108
1.7977977977977977,1.0,1.0005636031880116,0.9945826059661678,0.9883592534159744
1.7997997997997999,1.0,1.0005602734386911,0.9945896424339984,0.9884991320630694
1.8018018018018018,1.0,1.0005569630121292,0.994596680716761,0.9886384510590212
1.8038038038038038,1.0,1.0005536718002286,0.9946037207896512,0.9887772126429608
1.8058058058058057,1.0,1.0005503996954501,0.9946107626279104,0.9889154190450608
1.8078078078078077,1.0,1.000547146590809,0.9946178062068244,0.989053072486572
1.8098098098098099,1.0,1.000543912379873,0.9946248515017246,0.989190175179858
1.8118118118118118,1.0,1.000540696956761,0.9946318984879889,0.989326729328431
1.8138138138138138,1.0,1.0005375002161392,0.9946389471410388,0.9894627371269882
1.8158158158158157,1.0,1.0005343220532206,0.994645997436342,0.9895982007614456
1.8178178178178177,1.0,1.0005311623637605,0.9946530493494113,0.9897331224089742
1.8198198198198199,1.0,1.0005280210440566,0.9946601028558051,0.9898675042380344
1.8218218218218218,1.0,1.000524897990945,0.9946671579311267,0.9900013484084108
1.8238238238238238,1.0,1.0005217931017987,0.9946742145510246,0.990134657071248
1.8258258258258258,1.0,1.0005187062745249,0.9946812726911924,0.990267432369084
1.8278278278278277,1.0,1.0005156374075632,0.994688332327369,0.9903996764358838
1.82982982982983,1.0,1.0005125863998832,0.9946953934353391,0.9905313913970764
1.8318318318318318,1.0,1.0005095531509818,0.9947024559909311,0.9906625793695866
1.8338338338338338,1.0,1.0005065375608813,0.9947095199700198,0.9907932424618696
1.8358358358358358,1.0,1.0005035395301276,0.9947165853485251,0.990923382773946
1.8378378378378377,1.0,1.0005005589597866,0.9947236521024105,0.9910530023974332
1.83983983983984,1.0,1.0004975957514441,0.9947307202076867,0.9911821034155816
1.8418418418418419,1.0,1.0004946498072007,0.9947377896404075,0.9913106879033066
1.8438438438438438,1.0,1.0004917210296722,0.9947448603766729,0.9914387579272218
1.8458458458458458,1.0,1.000488809321986,0.9947519323926277,0.991566315545673
1.8478478478478477,1.0,1.0004859145877787,0.994759005664461,0.991693362808771
1.84984984984985,1.0,1.000483036731195,0.9947660801684078,0.9918199017584242
1.8518518518518519,1.0,1.0004801756568844,0.9947731558807477,0.991945934428372
1.8538538538538538,1.0,1.0004773312699993,0.9947802327778048,0.9920714628442164
1.8558558558558558,1.0,1.000474503476193,0.9947873108359488,0.9921964890234564
1.8578578578578577,1.0,1.0004716921816172,0.9947943900315936,0.9923210149755184
1.85985985985986,1.0,1.0004688972929197,0.9948014703411986,0.9924450427017898
1.8618618618618619,1.0,1.0004661187172428,0.9948085517412671,0.9925685741956508
1.8638638638638638,1.0,1.0004633563622203,0.9948156342083481,0.992691611442506
1.8658658658658658,1.0,1.000460610135976,0.9948227177190354,0.9928141564198176
1.867867867867868,1.0,1.0004578799471213,0.9948298022499666,0.9929362110971348
1.86986986986987,1.0,1.000455165704752,0.9948368877778255,0.9930577774361288
1.8718718718718719,1.0,1.000452467318448,0.994843974279339,0.9931788573906204
1.8738738738738738,1.0,1.0004497846982698,0.99485106173128,0.9932994529066148
1.8758758758758758,1.0,1.0004471177547567,0.9948581501104654,0.9934195659223316
1.877877877877878,1.0,1.0004444663989243,0.9948652393937572,0.9935391983682348
1.87987987987988,1.0,1.0004418305422629,0.9948723295580613,0.9936583521670656
1.8818818818818819,1.0,1.000439210096735,0.9948794205803294,0.9937770292338728
1.8838838838838838,1.0,1.0004366049747733,0.9948865124375563,0.9938952314760428
1.8858858858858858,1.0,1.0004340150892783,0.9948936051067827,0.9940129607933308
1.887887887887888,1.0,1.000431440353616,0.994900698565093,0.994130219077892
1.88988988988989,1.0,1.000428880681617,0.9949077927896168,0.9942470082143102
1.8918918918918919,1.0,1.0004263359875727,0.9949148877575276,0.9943633300796304
1.8938938938938938,1.0,1.0004238061862336,0.9949219834460437,0.9944791865433869
1.8958958958958958,1.0,1.0004212911928088,0.9949290798324273,0.9945945794676346
1.897897897897898,1.0,1.000418790922961,0.9949361768939862,0.9947095107069788
1.8998998998999,1.0,1.000416305292807,0.9949432746080713,0.9948239821086045
1.901901901901902,1.0,1.000413834218914,0.9949503729520792,0.9949379955123056
1.9039039039039038,1.0,1.0004113776182981,0.9949574719034493,0.9950515527505166
1.9059059059059058,1.0,1.000408935408423,0.9949645714396668,0.9951646556483396
1.907907907907908,1.0,1.0004065075071953,0.9949716715382604,0.995277306023575
1.90990990990991,1.0,1.0004040938329661,0.9949787721768032,0.9953895056867504
1.911911911911912,1.0,1.000401694304526,0.994985873332913,0.9955012564411496
1.9139139139139139,1.0,1.0003993088411036,0.9949929749842512,0.995612560082842
1.9159159159159158,1.0,1.000396937362365,0.9950000771085238,0.9957234184007104
1.917917917917918,1.0,1.0003945797884095,0.9950071796834813,0.9958338331764808
1.91991991991992,1.0,1.0003922360397695,0.9950142826869176,0.9959438061847514
1.921921921921922,1.0,1.0003899060374069,0.9950213860966717,0.9960533391930192
1.9239239239239239,1.0,1.0003875897027121,0.9950284898906254,0.9961624339617104
1.9259259259259258,1.0,1.000385286957502,0.9950355940467062,0.996271092244208
1.927927927927928,1.0,1.0003829977240166,0.9950426985428843,0.9963793157868792
1.92992992992993,1.0,1.000380721924919,0.9950498033571747,0.9964871063291048
1.931931931931932,1.0,1.0003784594832918,0.9950569084676368,0.9965944656033064
1.9339339339339339,1.0,1.0003762103226352,0.995064013852373,0.9967013953349736
1.9359359359359358,1.0,1.0003739743668665,0.9950711194895301,0.9968078972426936
1.937937937937938,1.0,1.000371751540316,0.9950782253572988,0.9969139730381772
1.93993993993994,1.0,1.000369541767727,0.9950853314339144,0.9970196244262866
1.941941941941942,1.0,1.0003673449742516,0.995092437697655,0.9971248531050632
1.9439439439439439,1.0,1.0003651610854511,0.995099544126844,0.9972296607657548
1.9459459459459458,1.0,1.0003629900272926,0.9951066506998467,0.9973340490928424
1.947947947947948,1.0,1.0003608317261468,0.9951137573950743,0.9974380197640674
1.94994994994995,1.0,1.0003586861087872,0.9951208641909806,0.9975415744504594
1.951951951951952,1.0,1.0003565531023872,0.9951279710660632,0.997644714816362
1.9539539539539539,1.0,1.0003544326345188,0.9951350779988634,0.9977474425194592
1.9559559559559558,1.0,1.0003523246331496,0.9951421849679669,0.997849759210804
1.957957957957958,1.0,1.0003502290266424,0.9951492919520035,0.9979516665348424
1.95995995995996,1.0,1.000348145743752,0.9951563989296445,0.9980531661294422
1.961961961961962,1.0,1.0003460747136235,0.9951635058796076,0.9981542596259176
1.9639639639639639,1.0,1.000344015865791,0.9951706127806519,0.998254948649056
1.9659659659659658,1.0,1.0003419691301756,0.9951777196115815,0.9983552348171444
1.967967967967968,1.0,1.0003399344370822,0.9951848263512433,0.9984551197419954
1.96996996996997,1.0,1.0003379117172002,0.9951919329785281,0.998554605028972
1.971971971971972,1.0,1.0003359009015984,0.9951990394723705,0.9986536922770152
1.973973973973974,1.0,1.0003339019217257,0.9952061458117483,0.9987523830786684
1.9759759759759759,1.0,1.0003319147094076,0.9952132519756823,0.9988506790201028
1.977977977977978,1.0,1.0003299391968459,0.9952203579432378,0.9989485816811444
1.97997997997998,1.0,1.0003279753166148,0.9952274636935224,0.999046092635298
1.981981981981982,1.0,1.0003260230016613,0.9952345692056881,0.9991432134497724
1.983983983983984,1.0,1.0003240821853014,0.9952416744589294,0.9992399456855068
1.985985985985986,1.0,1.0003221528012196,0.9952487794324851,0.9993362908971952
1.987987987987988,1.0,1.0003202347834663,0.9952558841056361,0.9994322506333108
1.98998998998999,1.0,1.0003183280664563,0.9952629884577079,0.9995278264361322
1.991991991991992,1.0,1.0003164325849667,0.9952700924680684,0.9996230198417666
1.993993993993994,1.0,1.0003145482741356,0.9952771961161287,0.999717832380176
1.995995995995996,1.0,1.00031267506946,0.995284299381344,0.9998122655752012
1.997997997997998,1.0,1.0003108129067935,0.9952914022432122,0.9999063209445852
2.0,1.0,1.0003089617223453,0.9952985046812732,1.0
